http://kspress.com/viewRecord.php?recid=1002|Abilene Reflector-Chronicle
http://kspress.com/viewRecord.php?recid=587|Active Aging
http://kspress.com/viewRecord.php?recid=2715|Advocate
http://kspress.com/viewRecord.php?recid=1746|Advocate of Phillips County
http://kspress.com/viewRecord.php?recid=1414|Anderson County Advocate
http://kspress.com/viewRecord.php?recid=259|Anderson County Review
http://kspress.com/viewRecord.php?recid=54|Anthony Republican
http://kspress.com/viewRecord.php?recid=55|Ark Valley News
http://kspress.com/viewRecord.php?recid=56|Arkansas City Traveler
http://kspress.com/viewRecord.php?recid=57|Atchison Globe
http://kspress.com/viewRecord.php?recid=3521|Atchison Globe/Hiawatha World Combo
http://kspress.com/viewRecord.php?recid=33|Attica Independent
http://kspress.com/viewRecord.php?recid=1338|Baker Orange
http://kspress.com/viewRecord.php?recid=1586|Baldwin City Signal
http://kspress.com/viewRecord.php?recid=64|Basehor Sentinel
http://kspress.com/viewRecord.php?recid=66|Belle Plaine News
http://kspress.com/viewRecord.php?recid=67|Belleville Telescope
http://kspress.com/viewRecord.php?recid=68|Beloit Call
http://kspress.com/viewRecord.php?recid=588|Best Times
http://kspress.com/viewRecord.php?recid=2914|Bethel Collegian
http://kspress.com/viewRecord.php?recid=69|Bird City Times
http://kspress.com/viewRecord.php?recid=3328|Blue Rapids Free Press
http://kspress.com/viewRecord.php?recid=3281|Bonner Springs Chieftain
http://kspress.com/viewRecord.php?recid=1419|Buccaneer
http://kspress.com/viewRecord.php?recid=73|Bucklin Banner
http://kspress.com/viewRecord.php?recid=949|Bulletin
http://kspress.com/viewRecord.php?recid=3526|Butler County Times-Gazette
http://kspress.com/viewRecord.php?recid=37|Caldwell Messenger
http://kspress.com/viewRecord.php?recid=2723|Campus Ledger
http://kspress.com/viewRecord.php?recid=78|Cawker City Ledger
http://kspress.com/viewRecord.php?recid=1540|Cedar Vale Lookout
http://kspress.com/viewRecord.php?recid=1168|Chanute Tribune
http://kspress.com/viewRecord.php?recid=1880|Chapman & Enterprise News-Times
http://kspress.com/viewRecord.php?recid=1020|Chase County Leader-News
http://kspress.com/viewRecord.php?recid=99|Cherokee County News-Advocate
http://kspress.com/viewRecord.php?recid=3037|Chronicle Christian News
http://kspress.com/viewRecord.php?recid=87|Cimarron Jacksonian
http://kspress.com/viewRecord.php?recid=1340|Circuit
http://kspress.com/viewRecord.php?recid=338|Clarion
http://kspress.com/viewRecord.php?recid=88|Clark County Clipper
http://kspress.com/viewRecord.php?recid=3154|Clark County Gazette
http://kspress.com/viewRecord.php?recid=89|Clay Center Dispatch
http://kspress.com/viewRecord.php?recid=1416|Clyde Republican
http://kspress.com/viewRecord.php?recid=95|Coffey County Republican
http://kspress.com/viewRecord.php?recid=1218|Coffeyville Journal
http://kspress.com/viewRecord.php?recid=1848|Colby Free Press
http://kspress.com/viewRecord.php?recid=1346|Collegian
http://kspress.com/viewRecord.php?recid=1463|Collegio
http://kspress.com/viewRecord.php?recid=3396|Columbus News Report
http://kspress.com/viewRecord.php?recid=1380|Community Voice
http://kspress.com/viewRecord.php?recid=100|Concordia Blade-Empire
http://kspress.com/viewRecord.php?recid=467|Conquistador
http://kspress.com/viewRecord.php?recid=39|Conway Springs Star and Argonia Argosy
http://kspress.com/viewRecord.php?recid=2976|Council Grove Republican
http://kspress.com/viewRecord.php?recid=533|Courtland Journal
http://kspress.com/viewRecord.php?recid=464|Cowley Press
http://kspress.com/viewRecord.php?recid=1757|Crusader
http://kspress.com/viewRecord.php?recid=503|Cunningham Courier
http://kspress.com/viewRecord.php?recid=1859|Derby Informer
http://kspress.com/viewRecord.php?recid=3327|Derby Weekly News
http://kspress.com/viewRecord.php?recid=109|Dighton Herald
http://kspress.com/viewRecord.php?recid=6|Dodge City Daily Globe
http://kspress.com/viewRecord.php?recid=1621|Dos Mundos
http://kspress.com/viewRecord.php?recid=111|Downs News and Times
http://kspress.com/viewRecord.php?recid=303|Edwards County Sentinel
http://kspress.com/viewRecord.php?recid=3300|El Lider
http://kspress.com/viewRecord.php?recid=114|Elkhart Tri-State News
http://kspress.com/viewRecord.php?recid=115|Ellinwood Leader
http://kspress.com/viewRecord.php?recid=117|Ellis Review
http://kspress.com/viewRecord.php?recid=1584|Ellsworth County Independent/Reporter
http://kspress.com/viewRecord.php?recid=2975|Emporia Gazette
http://kspress.com/viewRecord.php?recid=120|Erie Record
http://kspress.com/viewRecord.php?recid=42|Eureka Herald
http://kspress.com/viewRecord.php?recid=125|Fairview Enterprise
http://kspress.com/viewRecord.php?recid=1356|Fort Leavenworth Lamp
http://kspress.com/viewRecord.php?recid=442|Fort Riley -The 1st Infantry Division
http://kspress.com/viewRecord.php?recid=1531|Fort Scott Tribune
http://kspress.com/viewRecord.php?recid=632|Frankfort Area News
http://kspress.com/viewRecord.php?recid=256|Galena Sentinel-Times
http://kspress.com/viewRecord.php?recid=9|Garden City Telegram
http://kspress.com/viewRecord.php?recid=44|Gardner News
http://kspress.com/viewRecord.php?recid=1532|Glasco Sun/Delphos Republican
http://kspress.com/viewRecord.php?recid=2727|Goodland Star-News
http://kspress.com/viewRecord.php?recid=1537|Gove County Advocate
http://kspress.com/viewRecord.php?recid=3437|Grass & Grain
http://kspress.com/viewRecord.php?recid=26|Great Bend Tribune
http://kspress.com/viewRecord.php?recid=1539|Greeley County Republican
http://kspress.com/viewRecord.php?recid=1536|Gyp Hill Premiere
http://kspress.com/viewRecord.php?recid=269|Hanover News
http://kspress.com/viewRecord.php?recid=270|Harper Advocate
http://kspress.com/viewRecord.php?recid=268|Harvey County Independent
http://kspress.com/viewRecord.php?recid=271|Haskell County Monitor-Chief
http://kspress.com/viewRecord.php?recid=433|Hays Daily News
http://kspress.com/viewRecord.php?recid=1613|Haysville Sun-Times
http://kspress.com/viewRecord.php?recid=276|Herington Times
http://kspress.com/viewRecord.php?recid=277|Hesston Record
http://kspress.com/viewRecord.php?recid=2736|Hiawatha World
http://kspress.com/viewRecord.php?recid=1024|High Plains Journal
http://kspress.com/viewRecord.php?recid=280|Hill City Times
http://kspress.com/viewRecord.php?recid=1772|Hillsboro Free Press
http://kspress.com/viewRecord.php?recid=1763|Hillsboro Star-Journal
http://kspress.com/viewRecord.php?recid=282|Hoisington Dispatch
http://kspress.com/viewRecord.php?recid=283|Holton Recorder
http://kspress.com/viewRecord.php?recid=3518|Hometown Girard
http://kspress.com/viewRecord.php?recid=1619|Horizon
http://kspress.com/viewRecord.php?recid=284|Horton Headlight
http://kspress.com/viewRecord.php?recid=286|Hoxie Sentinel
http://kspress.com/viewRecord.php?recid=1167|Hugoton Hermes
http://kspress.com/viewRecord.php?recid=3194|Humboldt Union
http://kspress.com/viewRecord.php?recid=1726|Hutchinson News
http://kspress.com/viewRecord.php?recid=290|Independence Daily Reporter
http://kspress.com/viewRecord.php?recid=1831|Independence News
http://kspress.com/viewRecord.php?recid=3320|Ink
http://kspress.com/viewRecord.php?recid=1339|Interrobang
http://kspress.com/viewRecord.php?recid=292|Iola Register
http://kspress.com/viewRecord.php?recid=293|Jetmore Republican
http://kspress.com/viewRecord.php?recid=294|Jewell County Record
http://kspress.com/viewRecord.php?recid=297|Johnson Pioneer
http://kspress.com/viewRecord.php?recid=299|Junction City Daily Union
http://kspress.com/viewRecord.php?recid=3522|Junction City Daily Union/Wamego Smoke Signal/Abilene Reflector Chronicle
http://kspress.com/viewRecord.php?recid=413|Kansas Chief
http://kspress.com/viewRecord.php?recid=2722|Kansas City Business Journal
http://kspress.com/viewRecord.php?recid=296|Kansas City Jewish Chronicle
http://kspress.com/viewRecord.php?recid=1355|Kansas City Nursing News
http://kspress.com/viewRecord.php?recid=401|Kansas City Record
http://kspress.com/viewRecord.php?recid=3016|Kansas City Star
http://kspress.com/viewRecord.php?recid=1693|Kansas Senior Times/McGrath Publishing Co.
http://kspress.com/viewRecord.php?recid=538|Kansas State Collegian
http://kspress.com/viewRecord.php?recid=1351|Keynotes News for Older Kansans
http://kspress.com/viewRecord.php?recid=443|Kingman Leader-Courier
http://kspress.com/viewRecord.php?recid=304|Kiowa County Signal
http://kspress.com/viewRecord.php?recid=305|Kiowa News
http://kspress.com/viewRecord.php?recid=1578|La Estrella
http://kspress.com/viewRecord.php?recid=1860|La Semana
http://kspress.com/viewRecord.php?recid=1861|La Voz
http://kspress.com/viewRecord.php?recid=357|Labette Avenue
http://kspress.com/viewRecord.php?recid=306|Lakin Independent
http://kspress.com/viewRecord.php?recid=2993|Lansing Times
http://kspress.com/viewRecord.php?recid=1342|Lantern
http://kspress.com/viewRecord.php?recid=18|Larned Tiller & Toiler
http://kspress.com/viewRecord.php?recid=19|Lawrence Journal-World
http://kspress.com/viewRecord.php?recid=3298|Leader & Times
http://kspress.com/viewRecord.php?recid=311|Leavenworth Times
http://kspress.com/viewRecord.php?recid=400|Ledger (Moundridge)
http://kspress.com/viewRecord.php?recid=1437|Legal Record
http://kspress.com/viewRecord.php?recid=1032|Leoti Standard
http://kspress.com/viewRecord.php?recid=1258|Liberal Light
http://kspress.com/viewRecord.php?recid=315|Lincoln Sentinel-Republican
http://kspress.com/viewRecord.php?recid=316|Lindsborg News-Record
http://kspress.com/viewRecord.php?recid=317|Linn County News
http://kspress.com/viewRecord.php?recid=318|Linn-Palmer Record
http://kspress.com/viewRecord.php?recid=319|Logan Republican
http://kspress.com/viewRecord.php?recid=383|Louisburg Herald
http://kspress.com/viewRecord.php?recid=321|Lucas-Sylvan News
http://kspress.com/viewRecord.php?recid=2729|Lyons News
http://kspress.com/viewRecord.php?recid=324|Madison News
http://kspress.com/viewRecord.php?recid=1626|Manhattan Free Press
http://kspress.com/viewRecord.php?recid=20|Manhattan Mercury
http://kspress.com/viewRecord.php?recid=326|Marion County Record
http://kspress.com/viewRecord.php?recid=328|Marquette Tribune
http://kspress.com/viewRecord.php?recid=3419|Marysville Advocate
http://kspress.com/viewRecord.php?recid=1569|McPherson Sentinel
http://kspress.com/viewRecord.php?recid=331|Meade County News
http://kspress.com/viewRecord.php?recid=332|Merchant's Directory
http://kspress.com/viewRecord.php?recid=320|Miami County Republic
http://kspress.com/viewRecord.php?recid=334|Miltonvale Record
http://kspress.com/viewRecord.php?recid=335|Minneapolis Messenger
http://kspress.com/viewRecord.php?recid=403|Mirror (Tonganoxie)
http://kspress.com/viewRecord.php?recid=2901|Mission Valley Herald
http://kspress.com/viewRecord.php?recid=371|Monitor-Journal (Little River)
http://kspress.com/viewRecord.php?recid=337|Montezuma Press
http://kspress.com/viewRecord.php?recid=3278|Montgomery County Chronicle
http://kspress.com/viewRecord.php?recid=339|Mulberry Advance
http://kspress.com/viewRecord.php?recid=340|Mulvane News
http://kspress.com/viewRecord.php?recid=341|Neodesha Derrick
http://kspress.com/viewRecord.php?recid=342|Ness County News
http://kspress.com/viewRecord.php?recid=3172|Newsleaf
http://kspress.com/viewRecord.php?recid=25|Newton Kansan
http://kspress.com/viewRecord.php?recid=1729|Ngay Nay (World Today)
http://kspress.com/viewRecord.php?recid=344|Ninnescah Valley News
http://kspress.com/viewRecord.php?recid=345|Norton Telegram
http://kspress.com/viewRecord.php?recid=346|Norwich News
http://kspress.com/viewRecord.php?recid=347|Oakley Graphic
http://kspress.com/viewRecord.php?recid=348|Oberlin Herald
http://kspress.com/viewRecord.php?recid=350|Onaga Herald
http://kspress.com/viewRecord.php?recid=2828|Osage County Herald-Chronicle
http://kspress.com/viewRecord.php?recid=353|Osawatomie Graphic
http://kspress.com/viewRecord.php?recid=354|Osborne County Farmer
http://kspress.com/viewRecord.php?recid=356|Oskaloosa Independent
http://kspress.com/viewRecord.php?recid=28|Ottawa Herald
http://kspress.com/viewRecord.php?recid=360|Oxford Register
http://kspress.com/viewRecord.php?recid=362|Parsons Sun
http://kspress.com/viewRecord.php?recid=363|Peabody Gazette-Bulletin
http://kspress.com/viewRecord.php?recid=1260|Pelican Press
http://kspress.com/viewRecord.php?recid=365|Phillips County Review
http://kspress.com/viewRecord.php?recid=366|Pittsburg Morning Sun
http://kspress.com/viewRecord.php?recid=3329|Plains Guardian
http://kspress.com/viewRecord.php?recid=367|Plainville Times
http://kspress.com/viewRecord.php?recid=32|Prairie Post
http://kspress.com/viewRecord.php?recid=381|Prairie Star
http://kspress.com/viewRecord.php?recid=3474|Prairie Sun Weekly
http://kspress.com/viewRecord.php?recid=3180|Pratt American
http://kspress.com/viewRecord.php?recid=368|Pratt Tribune
http://kspress.com/viewRecord.php?recid=369|Protection Press
http://kspress.com/viewRecord.php?recid=982|Rawlins County Square Deal
http://kspress.com/viewRecord.php?recid=289|Record (Turon)
http://kspress.com/viewRecord.php?recid=1620|Review
http://kspress.com/viewRecord.php?recid=1716|Riley Countian
http://kspress.com/viewRecord.php?recid=373|Rose Hill Reporter
http://kspress.com/viewRecord.php?recid=3323|Rural Messenger
http://kspress.com/viewRecord.php?recid=374|Rush County News
http://kspress.com/viewRecord.php?recid=375|Russell County News
http://kspress.com/viewRecord.php?recid=1509|Sabetha Herald
http://kspress.com/viewRecord.php?recid=912|Salina Journal
http://kspress.com/viewRecord.php?recid=1035|Scott County Record
http://kspress.com/viewRecord.php?recid=2754|Sedgwick County Post
http://kspress.com/viewRecord.php?recid=1538|Seneca Courier-Tribune
http://kspress.com/viewRecord.php?recid=2742|Shawnee Dispatch
http://kspress.com/viewRecord.php?recid=1345|Silhouette
http://kspress.com/viewRecord.php?recid=385|Smith County Pioneer
http://kspress.com/viewRecord.php?recid=387|South Haven New Era
http://kspress.com/viewRecord.php?recid=389|Spearville News
http://kspress.com/viewRecord.php?recid=1622|Spectator
http://kspress.com/viewRecord.php?recid=392|St. Francis Herald
http://kspress.com/viewRecord.php?recid=394|St. John News
http://kspress.com/viewRecord.php?recid=393|St. Marys Star
http://kspress.com/viewRecord.php?recid=395|Stafford Courier
http://kspress.com/viewRecord.php?recid=396|Sterling Bulletin
http://kspress.com/viewRecord.php?recid=2915|Sterling Stir
http://kspress.com/viewRecord.php?recid=397|Stockton Sentinel
http://kspress.com/viewRecord.php?recid=486|Sunflower
http://kspress.com/viewRecord.php?recid=399|Syracuse Journal
http://kspress.com/viewRecord.php?recid=3459|The Highlighter - Wichita Heights High School
http://kspress.com/viewRecord.php?recid=2908|Tiempos
http://kspress.com/viewRecord.php?recid=1255|Times-Sentinel
http://kspress.com/viewRecord.php?recid=3519|Tioga Times
http://kspress.com/viewRecord.php?recid=3280|Tipton Times
http://kspress.com/viewRecord.php?recid=404|Topeka Capital-Journal
http://kspress.com/viewRecord.php?recid=537|Topeka Metro News, The
http://kspress.com/viewRecord.php?recid=2716|Trojan Express
http://kspress.com/viewRecord.php?recid=406|Ulysses News
http://kspress.com/viewRecord.php?recid=2730|University Daily Kansan
http://kspress.com/viewRecord.php?recid=481|University Leader
http://kspress.com/viewRecord.php?recid=408|Valley Falls Vindicator
http://kspress.com/viewRecord.php?recid=2916|Vantage
http://kspress.com/viewRecord.php?recid=1328|Wabaunsee County Signal-Enterprise
http://kspress.com/viewRecord.php?recid=409|Wamego Smoke Signal
http://kspress.com/viewRecord.php?recid=1530|Wamego Times
http://kspress.com/viewRecord.php?recid=411|Washington County News
http://kspress.com/viewRecord.php?recid=29|Wellington Daily News
http://kspress.com/viewRecord.php?recid=416|Western Kansas World
http://kspress.com/viewRecord.php?recid=402|Western Star
http://kspress.com/viewRecord.php?recid=418|Western Times
http://kspress.com/viewRecord.php?recid=419|Westmoreland Recorder
http://kspress.com/viewRecord.php?recid=1259|Wichita Business Journal
http://kspress.com/viewRecord.php?recid=969|Wichita Eagle
http://kspress.com/viewRecord.php?recid=3499|WICHITA ESPECTADOR
http://kspress.com/viewRecord.php?recid=3036|Wilson County Citizen
http://kspress.com/viewRecord.php?recid=30|Winfield Daily Courier
http://kspress.com/viewRecord.php?recid=1769|Wyandotte County Business News
http://kspress.com/viewRecord.php?recid=428|Wyandotte Daily News
http://kspress.com/viewRecord.php?recid=1534|Wyandotte Echo
http://kspress.com/viewRecord.php?recid=429|Yates Center News
